{"cameraMode":{"drawMode":0,"name":"Shaded","section":"Shading Mode"},"sceneLighting":true,"audioPlay":false,"sceneViewState":{"m_AlwaysRefresh":false,"showFog":true,"showSkybox":true,"showFlares":true,"showImageEffects":true,"showParticleSystems":true,"showVisualEffectGraphs":true,"m_FxEnabled":true},"in2DMode":false,"pivot":{"x":1.5154167413711548,"y":1.208317756652832,"z":0.7003149390220642},"rotation":{"x":-0.11552130430936814,"y":0.022940699011087419,"z":-0.0026638293638825418,"w":-0.9930484294891357},"size":1.2477787733078004,"orthographic":false}