{"cameraMode":{"drawMode":0,"name":"Shaded","section":"Shading Mode"},"sceneLighting":true,"audioPlay":false,"sceneViewState":{"m_AlwaysRefresh":false,"showFog":true,"showSkybox":true,"showFlares":true,"showImageEffects":true,"showParticleSystems":true,"showVisualEffectGraphs":true,"m_FxEnabled":true},"in2DMode":false,"pivot":{"x":0.7487640380859375,"y":12.787755012512207,"z":6.460870265960693},"rotation":{"x":-0.09225492924451828,"y":-0.7111184597015381,"z":0.09514225274324417,"w":-0.6905462741851807},"size":25.461040496826173,"orthographic":false}